{
  "author": "AngularUI Team",
  "name": "angular-ui-mask",
  "homepage": "https://github.com/angular-ui/ui-mask",
  "main": "./dist/mask.js",
  "license": "MIT",
  "dependencies": {
    "angular": ">= 1.3.6"
  },
  "devDependencies": {
    "angular-mocks": ">=1.3.6"
  },
  "version": "1.8.7",
  "_release": "1.8.7",
  "_resolution": {
    "type": "version",
    "tag": "1.8.7",
    "commit": "4d01287649a9f1c1a51c20c5396adfdcf5375d67"
  },
  "_source": "https://github.com/angular-ui/ui-mask.git",
  "_target": "^1.8.7",
  "_originalSource": "angular-ui-mask",
  "_direct": true
}